name,description,aliment_type,prep_time,difficulty_level,photo,photo_path,tag_list
Ceviche de dorade à la mangue,"<p><b>Etape 1</b><br>
Emincer l’oignon rouge. <br>
<br>
<b>Etape 2</b><br>
Couper finement le piment rouge (en retirant les pépins). <br>
<br>
<b>Etape 3</b><br>
Détailler la daurade en cubes de taille moyenne puis les déposer dans un saladier. <br>
<br>
<b>Etape 4</b><br>
Arroser le poisson du jus de citron vert, du lait de coco et d'huile d’olive. <br>
<br>
<b>Etape 5</b><br>
Ajouter l’oignon et le piment. <br>
<br>
<b>Etape 6</b><br>
Saler, poivrer et mélanger et laisser mariner 30 min à 1h au frais. <br>
<br>
<b>Etape 7</b><br>
Découper la demie-mangue en dés. <br>
<br>
<b>Etape 8</b><br>
Ciseler de la coriandre et du basilic finement, réserver quelques feuilles pour le dressage. <br>
<br>
<b>Etape 9</b><br>
Ajouter les dés de mangues et les herbes ciselées au mélange mélanger délicatement. <br>
<br>
<b>Etape 10</b><br>
Dresser joliment sur deux assiettes avec quelques feuilles de coriandre, un filet d’huile d’olive et un coup de moulin à poivre et quelques zestes de citron verts.
</p>","<b>Ingrédients pour 2 personnes</b><br>
<p>- 1 bouquet de coriandre basilic<br>
- 1 basilic <br>
- 1 piment (petit) <br>
- 3 c.à.s d'huile d'olive <br>
- 300 g de dorade <br>
- 1⁄2 mangue <br>
- 1 oignon rouge <br>
- 1 citron vert <br>
- 10 cl de lait de coco <br>
- sel et poivre</p>",15,facile,ceviche-dorade.webp,ceviche-dorade,"ceviche, poisson blanc, fruit, poisson"
Frites vraiment belges,"<p><b>Etape 1</b><br>
Eplucher les pommes de terre, les laver. <br>
<br>
<b>Etape 2</b><br>
Les couper en frites (au couteau, à la traditionnelle). <br>
<br>
<b>Etape 3</b><br>
Laver les frites et les sécher dans un linge propre. <br>
<br>
<b>Etape 4</b><br>
Chauffer le bain de friture à 150°c. <br>
<br>
<b>Etape 5</b><br>
Mettre les frites dans le panier et cuire 5 min. <br>
<br>
<b>Etape 6</b><br>
Mettre du papier absorbant au fond d'un grand saladier et y mettre les frites précuites. <br>
<br>
<b>Etape 7</b><br>
Laisser refroidir 10 à 15 minutes. <br>
<br>
<b>Etape 8</b><br>
Chauffer le bain de friture à 180°c, cette fois puis, quand c'est à température, y mettre les frites pour une seconde cuisson pendant 4 à 5 min (vérifier après 4 min si 1 min supplémentaire est nécessaire). <br>
<br>
<b>Etape 9</b><br>
Les mettre dans un saladier avec des nouveaux papiers absorbants. <br>
<br>
<b>Etape 10</b><br>
Saupoudrer de fleur de sel et servir (avec une sauce, c'est encore meilleur!).
</p>","<b>Ingrédients pour 2 personnes</b><br>
<p>- 500 g de pommes de terre<br>
- 1 bain de friture avec de la graisse de boeuf<br>
- fleur de sel",15,facile,frites.webp,frites,fast-food
Curry de légumes au lait de coco,"<p><b>Etape 1</b><br>
Emincez les échalotes et l'oignon, écrasez l'ail. Faites-les revenir dans l'huile chaude avec les épices. Remuez souvent. <br>
<br>
<b>Etape 2</b><br>
Ajoutez le curry puis le lait de coco. Remuez et réservez. <br>
<br>
<b>Etape 3</b><br>
Épluchez les pommes de terre et les carottes. Coupez tous les légumes en morceaux. Faites cuire les pommes de terre 10 min à la vapeur puis ajoutez les carottes et les courgettes. Poursuivez la cuisson 10 min. Les légumes doivent être cuits mais légèrement croquant. <br>
<br>
<b>Etape 4</b><br>
Mélangez à la sauce, laisser sur feu doux 10 min. Servez chaud. <br>
<br>
<b>Astuces</b><br>
Ajoutez les légumes que vous adorez à l'étape 3 !
</p>","<b>Ingrédients pour 2 personnes</b><br>
<p>- 1 courgette<br>
- 2 carottes <br>
- 1 pommes de terre <br>
- 10 cl de lait de coco <br>
- 1 échalote <br>
- 1 gousses d'ail <br>
- 1/2 oignon <br>
- 1 grosse cuillère à soupe de sauce au curry <br>
- 1 c.à.c de coriandre en poudre <br>
- 1 c.à.c de gingembre <br>
- 1 cuillère à soupe d'huile d'olive <br>
- sel et poivre </p>",30,facile,curry-legumes-coco.webp,curry-legumes-coco,"épicé, légume, plat, végétarien, curry, coco"
Gaspacho de courgette au curcuma,"<p><b>Etape 1</b><br>
Rincez et coupez en tronçons les courgettes. Émincez l’oignon. Lavez et effeuillez le thym et le basilic. Pressez le citron. Réservez quelques feuilles de basilic et de thym et quelques rondelles d’oignon. Mixez finement tous les ingrédients, et placez le gaspacho au frais 1 h. <br>
<br>
<b>Etape 2</b><br>
Rincez et coupez en tronçons les courgettes. Émincez l’oignon. Lavez et effeuillez le thym et le basilic. Pressez le citron. Réservez quelques feuilles de basilic et de thym et quelques rondelles d’oignon. Mixez finement tous les ingrédients, et placez le gaspacho au frais 1 h.
</p>","<b>Ingrédients pour 2 personnes</b><br>
<p>- 250 g de courgettes jaunes <br>
- 1/2 oignon nouveau <br>
- 1 brin de thym frais <br>
- 1 brin de basilic <br>
- 3 cl d'huile d'olive vierge extra <br>
- 1 cl de vinaigre balsamique <br>
- 1/2 citron <br>
- 1 cuillère à café de curcuma <br>
- 5 cl d'eau <br>
- 1 pincée de sel <br>
- 1 pincée de poivre noir moulu </p>",5,facile,gaspacho-courgette-curcuma.webp,gaspacho-courgette-curcuma,"épicé, légume, végétarien"
Cari de porc réunionnais,"<p><b>Etape 1</b><br>
Coupez le porc en gros cubes. <br>
<br>
<b>Etape 2</b><br>
Mettez l'huile dans une cocotte, faites dorer les morceaux de viande. Ajoutez les oignons, laissez dorer. <br>
<br>
<b>Etape 3</b><br>
Mettez l'ail et le gingembre écrasés. Ajoutez les tomates, le curcuma, le thym, le sel. Mélangez le tout et couvrez d'eau. <br>
<br>
<b>Etape 4</b><br>
Laissez cuire une bonne 1/2 heure environ. <br>
<br>
<b>Astuces</b><br>
Si vous souhaitez le servir en plat, accompagnez-le de pommes de terre ou de chouchous comme en Réunion... </p>","<b>Ingrédients pour 2 personnes</b><br>
<p>- 250 g de porc (cuisse ou épaule)<br>
- 3 tomates hachées <br> - 4 oignon <br>
- 1 gousses d'ail et un morceau de gingembre (ou en poudre) <br>
- 1 branche de thym <br>
- 1/2 cuillère à café de curcuma (ou un peu de safran en poudre) <br>
- 2 cuillères à soupe d'huile <br>
- 1 pincée de sel </p>",40,facile,cari-porc.webp,cari-porc,"épicé, porc, viande"
Epaule d'agneau rôtie à l’ail et à l’anis,"<p><b>Etape 1</b><br>
Allumez le four sur 200°. <br>
<br>
<b>Etape 2</b><br>
Pelez une dizaine de gousses d’ail, coupez-les en 2 ou 3 et plantez-les dans la viande après avoir fait une incision avec un petit couteau. Déposez le reste des gousses d’ail non pelées autour de la viande. <br>
<br>
<b>Etape 3</b><br>
Mettez l’épaule dans un plat, salez à peine, poivrez, saupoudrez d’un peu de quatre-épices, répartissez les graines d’anis et le beurre coupé en petits dés. Ajoutez 1 verre d’eau et faites cuire 30 min dans le four. Arrosez souvent et ajoutez de l’eau si nécessaire. <br>
<br>
<b>Etape 4</b><br>
Laissez reposer la viande 5 min hors du four avant de la découper.
</p>","<b>Ingrédients pour 2 personnes</b><br>
<p>- 1/2 épaule d'agneau <br>
- 2 têtes d'ail fumé (ou non) <br>
- 25 g de beurre au sel de mer <br>
- 1 cuillère à soupe de graines d'anis <br>
- quatre-épices <br>
- poivre </p>",45,moyen,epaule-agneau-ail-anis.webp,epaule-agneau-ail-anis,"épicé, viande, agneau"
"Curry de cabillaud au lait de coco sucré, salé","<p><b>Etape 1</b><br>
Pelez l’échalote et ciselez-la finement. Coupez la moitié de l’ananas en cubes et l’autre moitié en rondelles. Découpez le poisson en cubes.
<br>
<br>
<b>Etape 2</b><br>
Dans une poêle, faites revenir l’échalote et l’ananas 5 mn dans un filet d’huile bien chaude, puis ajoutez la poudre de curry et le concentré de tomate. Mouillez avec le lait de coco et ajoutez les dés de poisson. Laissez cuire à feu doux pendant 10 min. <br>
<br>
<b>Etape 3</b><br>
Servez le curry bien chaud parsemé de coriandre ciselée, avec du riz basmati.
</p>","<b>Ingrédients pour 2 personnes</b><br>
<p>- 200 g de dos de cabillaud <br>
- 1/2 échalote <br>
- 1/4 ananas pelé <br>
- 3 c.à.c de curry en poudre <br>
- 3 c.à.c de concentré de tomate <br>
- 10 cl de lait de coco <br>
- quelques brins de coriandre <br>
- huile d'olive </p>",20,facile,curry-cabillaud-coco-sucre-sale.webp,epaule-agneau-ail-anis,"épicé, curry, poisson blanc, coco"
Salade d’oranges à la cannelle,"<p><b>Etape 1</b><br>
Pelez les oranges à vif, coupez-les en fines rondelles et épépinez-les. <br>
<br>
<b>Etape 2</b><br>
Mélangez l’eau de fleur d’oranger et le sucre, jusqu’à ce qu’il fonde. <br>
<br>
<b>Etape 3</b><br>
Disposez les rondelles d’orange en rosace sur un plat. Arrosez d’eau de fleur d’oranger sucrée et saupoudrez de cannelle. Garnissez de quelques feuilles de menthe et servez bien frais. <br>
<br>
<b>Astuces</b><br>
Accompagnez d’une boule de glace au pain d’épice et vous touchez au sublime ! Ou parsemez ce dessert de petites grenades ...
</p>","<b>Ingrédients pour 2 personnes</b><br>
<p>- 3 oranges <br>
- 1 c.à.s d'eau de fleur d'oranger <br>
- 1 c.à.s de sucre roux <br>
- 1 c.à.c de cannelle moulue <br>
- menthe fraîche </p>",10,facile,salade-orange-cannelle.webp,salade-orange-cannelle,"sucré, fruit, épicé, végétarien, dessert"
"Poulet rôti au miel, citron et épices","<p><b>Etape 1</b><br>
Préchauffez le four à 190°. Prélevez le zeste et le jus de citron. Pelez et râpez le gingembre. Pelez, dégermez et râpez l’ail. <br>
<br>
<b>Etape 2</b><br>
Dans un ramequin, mélangez l’huile d’olive, le miel, le zeste et le jus de citron, le gingembre, l’ail, la cannelle et l’anis vert. <br>
<br>
<b>Etape 3</b><br>
Placez le poulet dans un plat allant au four, badigeonnez-le au pinceau avec l’assaisonnement. Disposez autour de la volaille les pommes de terre entières ou coupées en deux pour les plus grosses. S’il reste de l’assaisonnement, versez-le sur les rattes. Salez et poivrez. <br>
<br>
<b>Etape 4</b><br>
Enfournez 1 h en retournant le poulet à mi-cuisson et en mélangeant les pommes de terre.
</p>","<b>Ingrédients pour 4 personnes</b><br>
<p>- 1 poulet fermier <br>
- 800 g petites pommes de terre <br>
- 1 citron jaune bio <br>
- 2 cm de gingembre frais <br>
- 1 belle gousse d'ail <br>
- 2 c.à.s d'huile d'olive <br>
- 30 g de miel liquide (acacia, toutes fleurs ou romarin) <br>
- 1 c.à.c de cannelle en poudre <br>
- 1 c.à.c d'anis vert en poudre </p>",75,moyen,poulet-roti-miel-citron-epices.webp,poulet-roti-miel-citron-epices,"épicé, poulet, volaille, viande"
Ailerons de poulet marinés,"<p><b>Etape 1</b><br>
Pelez et hachez finement les gousses d’ail et les échalotes. Préparez la marinade en mélangeant l’huile avec les épices, l’ail, l’échalote, le gingembre râpé et la cive émincée. Déposez les ailerons de poulet dans la marinade. Couvrez d’un film alimentaire et laissez mariner 1 h au frais. <br>
<br>
<b>Etape 2</b><br>
Faites chauffer la plancha ou le barbecue et déposez-y les ailerons, arrosez-les régulièrement de marinade et retournez-les à mi-cuisson. Rectifiez l’assaisonnement et dégustez chaud.
</p>","<b>Ingrédients pour 2 personnes</b><br>
<p>- 6 ailerons de poulet <br>
- 1 gousse d'ail <br>
- 1 échalote <br>
- 5 cl d'huile d'olive <br>
- 1 c.à.c de garam massala <br>
- 1 c.à.c de graines de cardamome <br>
- 2 clous de girofle <br>
- 1 c.à.c de cannelle <br>
- 1 cm de gingembre frais <br>
- 1/2 cive </p>",30,facile,ailerons-poulet-marines.webp,ailerons-poulet-marines,"épicé, barbecue, grillade, poulet, volaille"
Curry de fruits de mer au lait de coco,"<p><b>Etape 1</b><br>
Faites tremper les coques dans un grand volume d’eau salée pendant 1 heure. Rincez plusieurs fois. Lavez soigneusement les moules. Faites cuire les langoustines dans un grand volume d’eau bouillante pendant 4 minutes. Retirez-les et plongez-les dans un saladier d’eau froide. <br>
<br>
<b>Etape 2</b><br>
Faites tremper les coques dans un grand volume d’eau salée pendant 1 heure. Rincez plusieurs fois. Lavez soigneusement les moules. Faites cuire les langoustines dans un grand volume d’eau bouillante pendant 4 minutes. Retirez-les et plongez-les dans un saladier d’eau froide. <br>
<br>
<b>Etape 3</b><br>
Faites tremper les coques dans un grand volume d’eau salée pendant 1 heure. Rincez plusieurs fois. Lavez soigneusement les moules. Faites cuire les langoustines dans un grand volume d’eau bouillante pendant 4 minutes. Retirez-les et plongez-les dans un saladier d’eau froide.
</p>","<b>Ingrédients pour 2 personnes</b><br>
<p>- 125 g de coques <br>
- 100 g de moules <br>
- 4 langoustines <br>
- 1 oignon <br>
- 1 gousse d'ail <br>
- 25 cl de lait de coco <br>
- 1/2 c.à.c de curry <br>
- 1/2 c.à.c de curcuma <br>
- jus d'un citron vert <br>
- 2 brins de cerfeuil <br>
- 2 c.à.c d'huile de colza </p>",30,moyen,curry-fruits-de-mer-coco.webp,curry-fruits-de-mer-coco,"épicé, crustacé, coco, curry"
Glace aux amandes,"<p><b>Etape 1</b><br>
Versez la cannelle et la moitié du sucre dans le lait et portez à ébullition. Laissez infuser au moins 5 minutes.
<br>
<br>
<b>Etape 2</b><br>
Battez les jaunes d'oeufs avec le reste de sucre jusqu'à ce que la masse, un peu épaissie, devienne jaune pâle. On ne doit plus voir de cristaux de sucre. <br>
<br>
<b>Etape 3</b><br>
Versez le lait bouillant sur les jaunes et mélangez avec une cuillère en bois. <br>
<br>
<b>Etape 4</b><br>
Reversez l'ensemble lait-oeufs dans la casserole. Chauffez-le sans arrêter de remuer avec une cuillère en bois jusqu'à ce que, vers 82°, le mélange ait pris. e liquide monte dans la casserole parce que l'air contenu dans la masse augmente de volume. Le lait s'épaissit et forme des rosaces lorsqu'on en prélève un peu avec une cuillère et que l'on souffle dessus. De premières bulles d'air se forment sur les bords de la casserole. Si vous manquez d'expérience, travaillez lentement et avec beaucoup de précaution. <br>
<br>
<b>Etape 5</b><br>
Lorsque le mélange a pris, versez-le immédiatement dans le bol où les oeufs ont été battus. <br>
<br>
<b>Etape 6</b><br>
Incorporez le zeste râpé d'un citron. Faites de même avec les amandes grillées. <br>
<br>
<b>Etape 7</b><br>
Laissez refroidir l'appareil à température ambiante, puis mettez-le au réfrigérateur. <br>
<br>
<b>Etape 8</b><br>
Lorsqu'il est bien refroidi, versez-le dans la sorbetière que vous mettez en marche. Le mouvement constant de la masse pendant la congélation permet d'éviter la formation de cristaux de glace.
Si vous n'avez pas de sorbetière, vous pouvez préparer la glace en mettant la masse dans votre congélateur et en la fouettant toutes les 10 à 15 minutes. Continuez ainsi jusqu'à ce que la glace devienne crémeuse. Elle restera cependant toujours un peu granuleuse.
</p>","<b>Ingrédients pour 6 personnes</b><br>
<p>- 500 ml de lait <br>
- 1 pointe de cannelle <br>
- 200 g de sucre en poudre <br>
- 6 jaunes d'oeufs <br>
- 1 citron <br>
- 300 g d'amandes </p>",30,facile,glace-amande.webp,glace-amande,"sucré, amande, dessert"
Magret de canard aux airelles et vinaigre de framboises,"<p><b>Etape 1</b><br>
Entaillez les magrets de canard sur les deux faces et faites-les saisir à feu vif coté graisse. Débarrassez la graisse fondue pour saisir l'autre coté du magret (ne faites pas trop cuire le magret, celui-ci doit être rosé à l'intérieur). <br>
<br>
<b>Etape 2</b><br>
Retirez les magrets du feu et réservez-les. Déglacez la poêle avec le vinaigre de framboise. <br>
<br>
<b>Etape 3</b><br>
Laissez légèrement réduire le vinaigre et ajoutez un petit pot d'airelles des bois. <br>
<br>
<b>Etape 4</b><br>
Laissez mijoter 3 à 4 minutes, incorporez la crème fraîche entière et laissez réduire. <br>
<br>
<b>Etape 5</b><br>
Tranchez les magrets de canard, disposez dans un plat et nappez les magrets de la sauce obtenue.
<br>
<br>
<b>Etape 6</b><br>
Servez avec des pommes Duchesse ou Dauphine.
</p>","<b>Ingrédients pour 4 personnes</b><br>
<p>- 3 à 4 magrets de canard <br>
- 1 pot d'airelles des bois <br>
- pommes Duchesse ou Dauphine <br>
- 4 c.à.s de vinaigre de framboise <br>
- 1 petit pot de crème fraîche <br>
- sel, poivre </p>",25,facile,magret-canard-airelles.webp,magret-canard-airelles,"épicé, gibier, canard, viande"
Cailles farcies aux figues et aux noisettes,"<p><b>Etape 1</b><br>
Pour la farce : Placer dans le bol du mixeur le demi-oignon rouge, les gousses d’ail pelées, la semoule fine, les noisettes, les lardons et les feuilles de thym. Saler, poivrer et mixer par pulsation afin d’obtenir une farce avec des petits morceaux et pas totalement fine. Ajouter ensuite les figues préalablement coupées en petits morceaux. Mélanger délicatement. <br>
<br>
<b>Etape 2</b><br>
Pour les cailles : Préchauffer le four à 200 °C. Farcir les cailles avec la farce, saler puis poivrer. Envelopper chaque caille de 2 tranches de lard fumé et ficeler le tout avec de la ficelle de cuisine. Dans une poêle légèrement huilée, faire dorer les cailles de chaque côté pendant quelques minutes afin d’obtenir une jolie coloration. Placer les cailles sur une plaque du four puis enfourner avec les 4 figues restantes. Arroser d’un filet d’huile d’olive et enfourner pour 20 à 25 minutes environ. A la sortie du four arroser légèrement de miel liquide. <br>
<br>
<b>Etape 3</b><br>
Pour les cailles : Préchauffer le four à 200 °C. Farcir les cailles avec la farce, saler puis poivrer. Envelopper chaque caille de 2 tranches de lard fumé et ficeler le tout avec de la ficelle de cuisine. Dans une poêle légèrement huilée, faire dorer les cailles de chaque côté pendant quelques minutes afin d’obtenir une jolie coloration. Placer les cailles sur une plaque du four puis enfourner avec les 4 figues restantes. Arroser d’un filet d’huile d’olive et enfourner pour 20 à 25 minutes environ. A la sortie du four arroser légèrement de miel liquide.
</p>","<b>Ingrédients pour 4 personnes</b><br>
<p>- 4 belles cailles <br>
- 8 tranches de lard fumé <br>
- 4 c à s d’huile d’olive <br>
- 4 figues fraîches <br>
- 4 poignées de roquette ou pousses d’épinard <br>
- 75 g de noisettes torréfiées et concassées <br>
- 2 c.à.s de miel liquide <br>
- sel et poivre <br>
<br>
<b>Pour la farce</b><br>
<p>- 1/2 oignon rouge <br>
- 50 g de noisettes <br>
- 50 g de lardons fumés <br>
- 4 figues fraîches <br>
- 2 gousses d’ail <br>
- 2 c.à.s de semoule fine <br>
- 4 brins de thym frais <br>
- sel et poivre </p>",65,moyen,cailles-figues-noisettes.webp,cailles-figues-noisettes,"volaille, viande, fruit"
Oie farcie aux pommes,"<p><b>Etape 1</b><br>
Pour la farce, épluchez les pommes. Épépinez-les puis découpez-les en cubes. <br>
<br>
<b>Etape 2</b><br>
Faites fondre le beurre dans une poêle et faites-y revenir les pommes et le foie de l'oie 10 min. Ôtez le foie de la poêle et passez-le au mixeur avec les noix. Ajoutez cette purée aux fruits bien dorés. <br>
<br>
<b>Etape 3</b><br>
Préchauffez le four à 180°C. <br>
<br>
<b>Etape 4</b><br>
Lavez l'orange et le citron et râpez les zestes puis ajoutez-les à la farce. Faites farcir l'oie avec la farce, recousez l'ouverture et liez bien les pattes contre l'oiseau. Badigeonnez d'huile, salez et poivrez. <br>
<br>
<b>Etape 5</b><br>
Enfournez-le pour 40 min. Arrosez-le souvent en cours de cuisson puis à mi-cuisson, baissez la température d'un cran. <br>
<br>
<b>Etape 6</b><br>
Servez l'oie avec des lentilles et des quartiers de pomme poêlés.
</p>","<b>Ingrédients pour 10 personnes</b><br>
<p>- 1 oie prête à cuire de 3 à 3,5 kg <br>
- 750 g de foie d'oie <br>
- 1 orange non traitée <br>
- 1 citron non traité <br>
- sel, poivre <br>
<br>
<b>Pour la farce</b><br>
<p>- 3 pommes rouges <br>
- 24 cerneaux de noix <br>
- 1 c.à.s de miel <br>
- 50 g de beurre <br>
- 6 c.à.s d'huile d'arachide <br>
- sel, poivre </p>",80,facile,oie-farcie-aux-pommes.webp,oie-farcie-aux-pommes,"gibier, viande, fruit"
Tartare de thon aux asperges,"<p><b>Etape 1</b><br>
Retirez la couche extérieure des tiges de citronnelle et hachez-les grossièrement. Mettez-les dans un grand bol avec le jus de ¾ des citrons verts, du sucre fin et de l’eau. Hachez grossièrement l’échalote, la coriandre, l’ail, le gingembre et le piment rouge. Ajoutez-les dans le bol, mélangez, couvrez et laissez reposer au moins 1 h au frigo. <br>
<br>
<b>Etape 2</b><br>
Cassez la base des asperges blanches et épluchez-les. Coupez-les en petits tronçons. Versez-les dans un poêlon d’eau bouillante salée et égouttez-les après 2 min. de cuisson. Plongez-les dans de l’eau froide. <br>
<br>
<b>Etape 3</b><br>
Taillez le dos de thon en dés. Ajoutez-leur les asperges égouttées et les graines de sésame. <br>
<br>
<b>Etape 4</b><br>
Versez la marinade filtrée par-dessus et mélangez bien. Répartissez le tartare sur les assiettes en l’égouttant un peu. Ajoutez 1 c. à s. de sauce soja par assiette. <br>
<br>
<b>Etape 5</b><br>
Coupez en tranches le quart de citron vert restant et décorez les assiettes avec les quartiers et des feuilles de coriandre. Servez sans attendre, avec un peu de wasabi.
</p>","<b>Ingrédients pour 4 personnes</b><br>
<p>- 2 tiges de citronnelle <br>
- 4 citrons verts <br>
- 2 c.à.s de sucre fin <br>
- 1,5 dl d'eau <br>
- 1 échalote <br>
- 1 botte de coriandre <br>
- 1/2 gousse d'ail <br>
- 3 cm de gingembre <br>
- 1/4 de piment rouge <br>
- 1 botte d'asperges blanches <br>
- 350 g de dos de thon <br>
- 1 c.à.s de graines de sésame <br>
- 1 c.à.s de sauce soja <br>
- wasabi </p>",30,facile,tartare-thon-asperges.webp,tartare-thon-asperges,"poisson, légume, ceviche"
Ragoût de boeuf,"<p><b>Etape 1</b><br>
Faites revenir les morceaux de boeuf dans le beurre, ajoutez l'oignon coupé grossièrement ainsi que les carottes en rondelles, salez et poivrez. <br>
<br>
<b>Etape 2</b><br>
Ajoutez ensuite le concentré de tomate. Mélangez. <br>
<br>
<b>Etape 3</b><br>
Ajoutez le sirop et mélangez encore. <br>
<br>
<b>Etape 4</b><br>
Ajoutez le bouquet garni et mouillez avec 1/2 litre de bouillon (cube) et 1/2 litre de vin rouge. <br>
<br>
<b>Etape 5</b><br>
Ajoutez les oignons grelots 5 mn avant la fin de cuisson s'ils sont surgelés, 1/4 h avant s'ils sont frais (et crus). <br>
<br>
<b>Etape 6</b><br>
Laissez un peu réduire la sauce ou liez éventuellement avec un peu de maïzena (la sauce est déjà liée avec le concentré de tomate et le sirop).
</p>","<b>Ingrédients pour 4 personnes</b><br>
<p>- 1 kg de boeuf à braiser <br>
- 1 oignon <br>
- 2 c.à.s de beurre ou de margarine <br>
- 1 bonne c.à.s de concentré de tomates <br>
- 1 bonne c.à.s de sirop de Liège (belge) <br>
- 2 carottes coupées en rondelles <br>
- 1 cube de bouillon de boeuf <br>
- 1⁄2 l de vin rouge <br>
- 20 oignons grelots <br>
- 1 bouquet garni <br>
- poivre et sel </p>",105,facile,ragout-boeuf.webp,ragout-boeuf,"plat mijoté, boeuf, viande"
St-Jacques poelées,"<p><b>Etape 1</b><br>
Faire fondre la noix de beurre dans une poêle. Déposer les noix et les faire dorer légèrement sur chaque côté. <br>
<br>
<b>Etape 2</b><br>
Servir immédiatement avec une toute petite pincée de poivre et une de sel de Guérande.
<br>
<br>
<b>Astuces</b><br>
Servez cela avec de bonnes pâtes fraîches (genre tagliatelle) ou encore, avec un morceau de baguette.
</p>","<b>Ingrédients pour 2 personnes</b><br>
<p>- 8 noix de saint-jacques préparées par votre poissonnier <br>
- 1 noix de beurre salé <br>
- poivre <br>
- sel de Guérande </p>",10,facile,st-jacques.webp,st-jacques,crustacé
Cheesecake aux spéculoos,"<p><b>Etape 1</b><br>
Préchauffez le four à 200°C. <br>
<br>
<b>Etape 2</b><br>
Chemisez un moule démontable de 24 cm de diamètre avec du papier cuisson. <br>
<br>
<b>Etape 3</b><br>
Réduisez les spéculoos en poudre au robot (ou en les écrasant au rouleau à pâtisserie, enfermés dans un sachet congélation). Ajoutez le beurre coupé en morceaux et mélangez du bout des doigts, jusqu'à obtention d'un mélange homogène. Versez dans le moule et tassez dans le fond, en remontant un peu sur les bords. <br>
<br>
<b>Etape 4</b><br>
Fouettez le fromage frais avec la crème, le sucre, les œufs entiers et les jaunes. <br>
<br>
<b>Etape 5</b><br>
Versez dans le moule et enfournez 15 min. Baissez la température à 100 °C et poursuivez la cuisson durant 1 h. Éteignez le four et laissez-y refroidir le cheesecake pendant 1 h. Laissez ensuite reposer 12 h au frigo. <br>
<br>
<b>Etape 6</b><br>
Servez frais. <br>
<br>
<b>Astuces</b><br>
Pour gagner la bataille contre le papier cuisson, c'est très simple: humectez légèrement le moule et le papier y adhèrera sans problème !
</p>","<b>Ingrédients pour 10 personnes</b><br>
<p>- 2 jaunes d'œufs<br>
- 225 g de spéculoos <br>
- 600 g de fromage frais nature <br>
- 2,5 dl de crème fraîche <br>
- 150 g de sucre de canne <br>
- 50 g de beurre <br>
- 3 œufs entiers </p>",30,facile,cheesecake-speculoos.webp,cheesecake-speculoos,"crème, sucré, speculoos, dessert"
Mousse fromage blanc au coulis de framboises,"<p><b>Etape 1</b><br>
Rincez les framboises puis les mettre avec le jus de citron dans le mixeur. Mixer jusqu'à obtenir un coulis épais et mettre au frais. <br>
<br>
<b>Etape 2</b><br>
Mettre le fromage blanc avec le sucre en poudre dans un saladier et bien mélanger. <br>
<br>
<b>Etape 3</b><br>
Dans un autre saladier, battre les blancs d’œufs en neige avec la pincée de sel, à la fin ajoutez le sucre glace tamisé en continuant de battre. <br>
<br>
<b>Etape 4</b><br>
Mélangez les deux préparations avec une spatule souple. <br>
<br>
<b>Etape 5</b><br>
Répartir la mousse de fromage blanc dans des petites coupelles. <br>
<br>
<b>Etape 6</b><br>
Placez au frigo 1h. <br>
<br>
<b>Etape 7</b><br>
Arrosez les mousses de coulis de framboises et décorez avec des framboises entières à votre guise.
</p>","<b>Ingrédients pour 4 personnes</b><br>
<p>- 400 g de fromage blanc lisse<br>
- 200 g de framboises + quelques unes pour la fin <br>
- 75 g de sucre en poudre <br>
- 50 g de sucre glace <br>
- 3 blancs d’oeufs <br>
- 3 cuillères à soupe de jus de citron </p>",60,facile,mousse-fromage-blanc-coulis-framboise.webp,mousse-fromage-blanc-coulis-framboise,"fruit, fruit rouge, dessert"
Quinoa aux patates douces,"<p><b>Etape 1</b><br>
Préchauffez le four à 200 °C. <br>
<br>
<b>Etape 2</b><br>
Brossez les patates douces et détaillez-les en quartiers. Mettez les quartiers de patates douces dans un plat à four. Aspergez d’huile d’olive. <br>
<br>
<b>Etape 3</b><br>
Épluchez les oignons et l’ail. Émincez 1 oignon et écrasez l’ail. Mélangez l’oignon émincé et l’ail avec un filet d’huile d’olive et le curcuma. Incorporez aux quartiers de patates douces et mélangez. <br>
<br>
<b>Etape 4</b><br>
Enfournez pendant 25 minutes environ. <br>
<br>
<b>Etape 5</b><br>
Mettez le quinoa dans une casserole avec de l’eau. Comptez deux parts d’eau pour une part de quinoa. Ajoutez une pincée de sel et une branche de romarin. Couvrez et laissez mijoter à feu doux jusqu’à ce que tout le liquide soit évaporé et que le quinoa soit cuit. Remuez de temps en temps. <br>
<br>
<b>Etape 6</b><br>
Épépinez les poivrons. Émincez les poivrons et l’oignon restant. Faites chauffer l’huile d’olive dans une casserole et faites-y revenir les poivrons et l’oignon. Déglacez avec un filet de vin rouge et laissez mijoter jusqu’à ce que les poivrons soient cuits. <br>
<br>
<b>Etape 7</b><br>
Émincez la menthe et la coriandre. <br>
<br>
<b>Etape 8</b><br>
Mélangez le quinoa et les poivrons. Poivrez et salez et ajoutez éventuellement le jus de citron vert. Saupoudrez de menthe et de coriandre. Décorez avec les raisins secs et les graines de tournesol et/ou de potiron. Sortez les patates douces du four et dressez-les sur le quinoa. </p>","<b>Ingrédients pour 4 personnes</b><br>
<p>- 3 patates douces<br>
- huile d’olive <br>
- 2 oignons doux <br>
- 3 gousses d’ail <br>
- 1 c.à.s de curcuma <br>
- 200 g de quinoa <br>
- 1 branche de romarin <br>
- 2 poivrons pointus jaunes ou rouges <br>
- vin rouge <br>
- 1,5 bouquet de menthe fraîche <br>
- 1,5 bouquet de coriandre <br>
- jus d’1 citron vert (facultatif) <br>
- 1 poignée de raisins secs jaunes <br>
- 1 poignée de graines de tournesol et/ou graines de potiron <br>
- 100 g de yaourt à la grecque <br>
- poivre et sel </p>",35,facile,quinoa-patates-douces.webp,quinoa-patates-douces,"légume, végétarien"
Feuilleté au chèvre et aux pommes,"<p><b>Etape 1</b><br>
Préchauffer le four à 180°C. Peler et couper la pomme en rondelles, puis la faire revenir à la poêle avec le beurre pendant quelques minutes. <br>
<br>
<b>Etape 2</b><br>
Couper la pâte feuilletée en 4. Déposer au centre de chaque part un peu de pomme et quelques morceaux de chèvre. Fermer les feuilletés en repliant la pâte en deux. <br>
<br>
<b>Etape 3</b><br>
Badigeonner les feuilletés de jaune d'oeuf à l'aide d'un pinceau. Faire cuire pendant 20 minutes au four jusqu'à ce que le fromage fonde. Servir aussitôt. </p>","<b>Ingrédients pour 4 personnes</b><br>
<p>- 120 g de crottin de chavignol<br>
- 150 g de pomme <br>
- 230 g de pâte feuilletée <br>
- 15 g de beurre <br>
- 20 g de jaune d'oeuf </p>",35,facile,feuilletes-pommes-chevres.webp,feuilletes-pommes-chevres,"fromage frais, fromage, fruits"
Curry thaï aux crevettes,"<p><b>Etape 1</b><br>
Blanchir le brocoli et les pois mangetout 10 min dans de l'eau bouillante salée. <br>
<br>
<b>Etape 2</b><br>
Détailler les tomates en dés après les avoir évidées. <br>
<br>
<b>Etape 3</b><br>
Faire revenir dans un wok les oignons et l'ail émincés avec un filet d'huile jusqu'à ce qu'ils soient blondis, puis ajouter les crevettes et laisser revenir environ 10 mn en remuant. <br>
<br>
<b>Etape 4</b><br>
Ajouter la curcuma,le curry, les feuilles de lime ciselées, la citronnelle finement hachée, la sauce de poisson, le piment épépiné et haché,éventuellement le jus de lime, couvrir avec le lait de coco et laisser mijoter 10 min à feu doux. <br>
<br>
<b>Etape 5</b><br>
Ajouter le brocoli en bouquets, les pois coupés en deux et les oignons de printemps émincés.Laisser encore deux à trois min, ajouter la coriandre finement ciselée et les dés de tomate. <br>
<br>
<b>Etape 6</b><br>
Servir bien chaud avec du riz.
</p>","<b>Ingrédients pour 4 personnes</b><br>
<p>- 30 crevettes d'eau douce <br>
- 1 oignon jaune<br>
- 4 gousses d'ail <br>
- 1 botte d'oignon de printemps <br>
- 1 tomate ferme <br>
- 1 brocoli <br>
- 6 mini-maïs <br>
- 130 g de pois mangetout <br>
- 3 feuilles de lime <br>
- 1 c.à.s de poisson (nuôc mam ou autre) <br>
- 1 petit piment rouge <br>
- 70 cl de lait de coco <br>
- 1 c.à.c de curcuma <br>
- 2 c.à.s de curry <br>
- 1 bouquet de coriandre <br>
- 1 citronnelle <br>
- 1 jus de lime <br>
- huile de sésame ou huile thaï aux piments <br>
- poivre et sel </p>",120,facile,curry-thai-crevettes.webp,curry-thai-crevettes,"crustacé, épicé, curry"
Hot-dog à la choucroute,"<p><b>Etape 1</b><br>
Faire chauffer la choucroute cuisine dans une casserole. <br>
<br>
<b>Etape 2</b><br>
Faire bouillir de l’eau et y plonger les saucisses de Strasbourg. Les laisser cuire à petits frémissements pendant 10 minutes. <br>
<br>
<b>Etape 3</b><br>
Au moment de manger, couper chaque pain en deux. Tartiner de ketchup et de moutarde. Garnir avec de la choucroute, une saucisse et des cornichons. Fermer et déguster.
</p>","<b>Ingrédients pour 4 personnes</b><br>
<p>- 4 pains à hot-dog <br>
- 4 saucisses de Strasbourg <br>
- 100 g de choucroute cuisinée <br>
- cornichons <br>
- ketchup <br>
- moutarde forte </p>",10,facile,hotdog-choucroute.webp,hotdog-choucroute,fast-food
"Risotto gorgonzola, poires et noix","<p><b>Etape 1</b><br>
Pour préparer le risotto au gorgonzola, poires et noix, commencez par préparer un bouillon de légumes, puis hachez grossièrement les noix et mettez-les de côté. <br>
<br>
<b>Etape 2</b><br>
Épluchez et hachez finement l'oignon, puis mettez-le dans une casserole avec 30 g de beurre ; laissez-le flétrir. <br>
<br>
<b>Etape 3</b><br>
Ajoutez le riz, que vous ferez griller pendant quelques minutes, jusqu'à ce qu'il commence à devenir transparent. Si vous le souhaitez, ajoutez le vin blanc et laissez-le s'évaporer (non nécessaire). <br>
<br>
<b>Etape 4</b><br>
Ajoutez une louche à la fois de bouillon très chaud et poursuivez la cuisson du risotto. Remuez jusqu'à ce que le bouillon soit bien absorber par le riz puis rajoutez-en une louche en remuant jusqu’à parfaite absorption. <br>
<br>
<b>Etape 5</b><br>
Épluchez les poires, retirez les pépins. Coupez une poire en quartier et la deuxième en dés. Cinq minutes avant la fin de la cuisson du riz, faire fondre le reste de beurre dans une petite poêle. Ajouter les quartiers de poire et faites les sauter quelques secondes. Arroser de vinaigre balsamique en remuant bien puis éteindre. <br>
<br>
<b>Etape 6</b><br>
Lorsque le risotto est ""al dente"", ajoutez le gorgonzola coupé en morceaux et la poire coupée en dés en remuant bien, puis éteindre. <br>
<br>
<b>Etape 7</b><br>
Retirez du feu et incorporez le parmesan râpé. Remuer énergétiquement (""all'onda"") pour bien incorporer et lier tous les ingrédients. Laissez reposer une minute avant de servir dans une assiette et déposer au centre un quartier de poires sautées ainsi que des éclats de noix. Bonne dégustation !
</p>","<b>Ingrédients pour 2 personnes</b><br>
<p>- 160 g riz arborio <br>
- 160 g riz arborio <br>
- 50 g gorgonzola <br>
- 1/2 oignon <br>
- 20 g cerneaux de noix <br>
- 1 poire <br>
- 25 g beurre <br>
- 50 g parmesan râpé <br>
- 0.5 l bouillon végétal <br>
- vinaigre balsamique </p>",30,moyen,risotto-gorgonzola-poire-noix.webp,risotto-gorgonzola-poire-noix,"fromage persillé, fruit, végétarien"
"Endives braisées, jambon cru et gorgonzola","<p><b>Etape 1</b><br>
Enlevez les feuilles abîmées des chicons, coupez-les en 2 dans la longueur et retirez le bout dur à la base... Faites-les cuire à l'eau pendant 6 à 8 minutes et égouttez-les bien têtes en bas dans une passoire. <br>
<br>
<b>Etape 2</b><br>
Chauffez la crème liquide dans un poêlon et incorporez le gorgonzola en morceaux. Poivrez et mélangez jusqu'à ce que le fromage soit fondu... Réservez. <br>
<br>
<b>Etape 3</b><br>
Entourez chaque 1/2 chicon d'une tranche de jambon cru. Faites fondre un peu de beurre dans une poêle et faites-y braiser les chicons des 2 côtés... <br>
<br>
<b>Etape 4</b><br>
Déposez-les dans un plat à gratin, nappez avec la sauce et enfournez pour 15 minutes à 180°C. </p>","<b>Ingrédients pour 2 personnes</b><br>
<p>- 4 endives <br>
- 4 tranches de jambon cru <br>
- 20 cl de crème liquide <br>
- 120 gr de gorgonzola <br>
- poivre noir <br>
- beurre </p>",50,facile,endives-au-jambon.webp,endives-au-jambon,"fromage persillé, légume, charcuterie"
"Tarte aux poires, fenouil et gorgonzola","<p><b>Etape 1</b><br>
Mettre la pâte dans un moule, former le bord, mettre un papier sulfurisé sur la pâte et la remplir de noyaux ou autre pour faire du poids, cuire au four pendant 15 minutes à 200°C. <br>
<br>
<b>Etape 2</b><br>
Cuire les lardons dans un peu d'eau jusqu'à ce qu'ils soient rôtis ; ça évite de mettre de la matière grasse. <br>
<br>
<b>Etape 3</b><br>
Nettoyer les fenouils et les couper en deux (on peut peler les premières feuilles du fenouil pour enlever les fibres), les mettre dans une casserole d'eau salée et faire cuire pendant 10 minutes. <br>
<br>
<b>Etape 4</b><br>
Laver et couper les poires en rondelles et les faire cuire 2 à 3 minutes dans le beurre, saler et poivrer. <br>
<br>
<b>Etape 5</b><br>
Après avoir refroidi les fenouils, détacher les feuilles. Prendre la pâte précuite et ajouter les feuilles de fenouils côté bombés au dessus et poivrer, la préparation aux oeufs ira aussi dans le fond. <br>
<br>
<b>Etape 6</b><br>
Ajouter ensuite les lardons, puis les rondelles de pommes, verser la préparation sur la tarte, parsemer de fromage (on peut mettre le fromage sur le fenouil). Mettre à cuire pendant 40 minutes à 200°C. Il n'y a plus qu'à déguster.
<br>
<b>Astuces</b><br>
Parsemez en plus votre tarte de petites noix, un délice!
</p>","<b>Ingrédients pour 6 personnes</b><br>
<p>- 2 fenouils<br>
- 2 poires<br>
- 150 g de gorgonzola <br>
- 150 g de lardons fumés <br>
- 1 pâte brisée <br>
- 3 oeufs <br>
- 200 g de crème <br>
- 20 g de beurre <br>
- sel et poivre </p>",35,facile,tarte-poire-fenouil-gorgonzola.webp,tarte-poire-fenouil-gorgonzola,"fromage persillé, légume, fruit"
Plateau de fromages et charcuteries,"<p><b>Etape 1</b><br>
Choisisser vos fromages et vos charcuteries. Pour cela, n'oubliez pas qu'il y a plusieurs alternatives pour les personnes véganes. Le mieux est d'aller chez votre fromager / boucher pour demander des conseils, rien de tel que manger local et promouvoir bos paysans de votre région. N'hésitez pas à noter les conseils pour pouvoir les expliquer à vos convives ou même, de retenir les noms de vos produits afin de réaliser des petits écriteaux pour votre plateau<br>
<br>
<b>Etape 2</b><br>
Prener un plateau d'une bonne trentaine de centimètres. <br>
<br>
<b>Etape 3</b><br>
Commencer par placer vos fromages sur votre planche. Penser d'abord au plus gros d'entre eux et terminer par les plus petits. <br>
<br>
<b>Etape 4</b><br>
Ensuite placer vos crackers / votre pain. N'hésiter pas à les organiser en créant des éventail ou en les empilant. <br>
<br>
<b>Etape 5</b><br>
Ajouter les charcuteries. Penser à les ""froisser"", cela permet de donner du volume tout en gagnant de la place.<br>
<br>
<b>Etape 6</b><br>
Compléter les espaces par vos fruits et fruits secs. </p>","<b>Ingrédients pour 6 à 8 personnes</b><br>
<p>- 4 à 6 fromages<br>
- 2 ou 3 charcuteries <br>
- des crackers ou du pain <br>
- des fruits secs <br>
- 1 grappe de raisins <br>
- 3 figues, 1 pomme ou 1 poire</p>",15,facile,plateau-fromages-charcuteries.webp,plateau-fromages-charcuteries,"fromage, fromage frais, fromage à pâte molle, fromage à pâte dure, fromage persillé, charcuterie, paté, fruit"
Hamburger montagnard,"<p><b>Etape 1</b><br>
Préchauffer le four à 210°C. <br>
<br>
<b>Etape 2</b><br>
Cuire le steak et la galette de pomme de terre à la poêle. <br>
<br>
<b>Etape 3</b><br>
Faire chauffer au four le pain avec le fromage pendant 5 à 10 minutes. <br>
<br>
<b>Etape 4</b><br>
Assembler le tout.<br>
<br>
<b>Astuces</b><br>
Ajouter des ingrédients à votre guise (salades, tomates, cornichons, ...) et bien entendu votre sauce favorite pour être encore plus gourmand.
</p>","<b>Ingrédients pour 2 personnes</b><br>
<p>- 2 pains pour hamburger<br>
- 2 steak de viande hachée <br>
- 2 galettes de pomme de terre <br>
- 2 tranches de fromage de cheddar <br>
- 2 tranches de fromage à raclette <br>
- 2 tranches de charcuteries au choix <br>
- crème fraîche <br>
- set et poivre</p>",20,facile,hamburger-montagnard.webp,hamburger-montagnard,"fromage, fromage à pâte molle, charcuterie, fast-food, boeuf, hambuger"
Frittata du lendemain de raclette,"<p><b>Etape 1</b><br>
Préchauffer le four à 180°C. <br>
<br>
<b>Etape 2</b><br>
Dans un plat allant sur le feu de cuisson et dans un four, faire chauffer la rosette (ou une autre charcuterie un peu riche). Ajouter ensuite les pommes de terre coupées en rondelles, le jambon blanc et les champignons. <br>
<br>
<b>Etape 3</b><br>
Faire cuire le tout pendant quelques minutes en prenant soin que rien n'accroche à la poêle. <br>
<br>
<b>Etape 4</b><br>
Pendant ce temps là, battre les œufs avec le sel et le poivre. <br>
<br>
<b>Etape 5</b><br>
Verser les œufs battus dans la poêle. Lorsque le dessous commence à dorer et que le dessus commence à prendre, déposer la raclette sur le dessus et mettre le plat au four.Faire griller pendant 15 minutes maximum. Le fromage doit avoir fondu et légèrement coloré. <br>
<br>
<b>Astuces</b><br>
Servir aussitôt sorti du four, accompagné d'une salade verte.
</p>","<b>Ingrédients pour 4 personnes</b><br>
<p>- 3 oeufs<br>
- 2 pommes de terre <br>
- 3 tranches de jambon blanc <br>
- quelques tranches de rosette de saucisson ou de chorizo <br>
- 5 tranches de fromage à raclette <br>
- 1 gros champignons de Paris coupé en tranches <br>
- sel & poivre </p>",30,facile,frittata-raclette.webp,frittata-raclette,"fromage, fromage à pâte molle, charcuterie"
Burgers poulet-avocat,"<p><b>Etape 1</b><br>
Coupez la chair de l’avocat en dés. Epluchez et émincez l’ail. Hachez les jeunes oignons en rondelles. Mélangez la viande hachée avec l’avocat écrasé, l’ail, l’oignon et la chapelure. Salez, poivrez. Mouillez vos mains, formez des boulettes avec ce mélange et aplatissez-les légèrement. <br>
<br>
<b>Etape 2</b><br>
Badigeonnez les burgers d’huile d’olive et faites-les cuire et dorer des deux côtés. Coupez l’oignon doux en rondelles et faites cuire et dorer également. Mixez tous les ingrédients de la sauce au robot ménager. <br>
<br>
<b>Etape 3</b><br>
Garnissez chaque petit pain de salade. Ajoutez un burger, des rondelles d’oignon et une cuillérée de sauce.
</p>","- 2 pains burgers <br>
- 1/2 avocat <br>
- 1/2 poignée de salade mélangée <br>
- 5 feuilles de menthe <br>
- 1/2 gousse d'ail <br>
- 1 jeune oignon <br>
- 1/2 oignon doux <br>
- 60 g chapelure <br>
- huile d'olive <br>
<br>
<b>Pour la sauce</b><br>
<p>- 50 g de feta <br>
- 7,5 cl de yaourt <br>
- 5 feuilles de menthe <br>
- 1/2 gousse d'ail <br>
- 1/2 c.à.c de cumin <br>
- sel et poivre </p>",30,facile,burger-poulet-avocat.webp,burger-poulet-avocat,"fast-food, poulet, volaille, viande, hamburger"
"Tortelli petits pois, menthe et saumon fumé","<p><b>Etape 1</b><br>
Préparer la pâte (même la veille). Mélanger les deux farine et former un puits. Mettre les oeufs et l’huile au centre puis les incorporer peu à peu à la farine à l’aide d’une fourchette (pour aller plus vite on peut aussi mixer le tout jusqu’à ce que le mélanger sont grumeleux). Travailler la pâte sur un plan fariné en la repliant sur elle-même jusqu’à ce qu’elle devienne lisse, souple et homogène. Former une boule, couvrir de papier film et laisser reposer au frais au moins 1/2 heure. <br>
<br>
<b>Etape 2</b><br>
Préparer la farce (même plusieurs heures à l’avance). Plonger les petits pois dans de l’eau bouillante salée avec 5 feuilles de menthe. Enlever la menthe et égoutter les petits pois après une dizaine de minutes puis mixer avec 2 feuilles de menthe, le fromage et 100 g de saumon. Saler et poivrer. Couvrir de papier film au contact et mettre au frais (ou verser dans une poche à douille fermée). <br>
<br>
<b>Etape 3</b><br>
Étaler la moitié de la pâte à l’aide d’un laminoir, en partant du cran plus épais jusqu’au dernier cran, en ayant soin de bien fariner et de passer au moins deux fois dans chaque épaisseur. À l’aide d’un emporte pièce en forme de disque de 6 cm de diamètre environ, former des disques de pâte. Poser au centre une noix de farce, refermer pour obtenir une demi-lune, en ayant soin de ne pas incorporer d’air. Rejoindre les deux extrémités pour former un tortello. Fariner et procéder de même avec le reste des ingrédients. </p>","<b>Ingrédients pour 4 personnes</b><br>
<p>- 100 g de farine ordinaire (T55) + un peu <br>
- 2 pommes de terre <br>
- 3 tranches de jambon blanc <br>
- 2 tranches de rosette ou de chorizo <br>
- 5 tranches de fromage à raclette <br>
- 1 champignons de Paris coupé en tranches <br>
- sel & poivre <br>
<br>
<b>Pour la farce</b><br>
<p>- 350 g de petits pois frais écossés <br>
- 50 g de ricotta fraîche de brebis <br>
- 200 g de tranches de saumon fumé <br>
- beurre demi-sel <br>
- menthe fraîche<br>
- sel et poivre</p>",40,moyen,tortelli-saumon.webp,tortelli-saumon,"poisson, poisson gras"
Crème brûlée à la vanille,"<p><b>Etape 1</b><br>
Coupez la gousse de vanille en deux pour extraire les graines. <br>
<br>
<b>Etape 2</b><br>
Faites chauffer la crème à feu doux avec les gousses et laissez infuser. <br>
<br>
<b>Etape 3</b><br>
Battez énergiquement les jaunes et le sucre + les graines de vanille pour obtenir un mélange mousseux. <br>
<br>
<b>Etape 4</b><br>
Versez progressivement la crème tiédie et filtrée sur le mélange jaune/sucre en mélangeant en continu. <br>
<br>
<b>Etape 5</b><br>
Faites préchauffer le four a 160°C. <br>
<br>
<b>Etape 6</b><br>
Disposez la crème dans les ramequins, et mettez à cuire au bain marie 30 à 35 minutes, la crème doit trembloter comme un flan. <br>
<br>
<b>Etape 7</b><br>
Sortez du four, mettez les crèmes au frigo 4 heures minimum. <br>
<br>
<b>Etape 8</b><br>
Versez une couche de sucre sur le dessus et laissez caraméliser avec votre chalumeau. <br>
</p>","<b>Ingrédients pour 8 personnes</b><br>
<p>- 50 cl de crème fraîche liquide entière<br>
- 100 g de sucre <br>
- 6 jaunes d'oeufs <br>
- 6 c.à.s de sucre roux ou cassonade <br>
- 1 gousse de vanille </p>",55,facile,creme-brulee.webp,creme-brulee,"sucré, caramel, crème, dessert"
Tiramisu,"<p><b>Etape 1</b><br>
Fouettez vivement 3 jaunes d'œufs avec le sucre glace jusqu'à ce que le mélange blanchisse et devienne mousseux. Ajoutez ensuite le mascarpone puis mélangez jusqu'à ce que le résultat soit bien homogène. <br>
<br>
<b>Etape 2</b><br>
Montez 3 blancs en neige ferme en y ajoutant une pincée de sel, puis mélangez-les à la crème au mascarpone. Attention, pour garder un mélange bien mousseux et léger, les blancs ne doivent pas être ""cassés"". Mélangez délicatement de haut en bas avec une spatule en silicone en tournant votre récipient d'un quart de tour à chaque fois. <br>
<br>
<b>Etape 3</b><br>
Préparez une grande tasse de café fort, de préférence un expresso. Ajoutez-y l'Amaretto, un alcool italien à l'amande qui parfumera incroyablement votre dessert, puis mélangez. <br>
<br>
<b>Etape 4</b><br>
Coupez le bout des biscuits afin qu'ils adhèrent parfaitement à la paroi de votre plat. Utilisez les bouts pour compléter les trous au centre de votre tiramisu. Étalez une couche de crème au mascarpone au fond du plat, puis placez une couche de biscuits légèrement imbibés de café à l'Amaretto. <br>
<br>
<b>Etape 5</b><br>
Répétez l'opération en terminant par une couche de crème au mascarpone que vous saupoudrez de poudre de cacao amer ou de copeaux de chocolat. Placez au frais pour au moins 3 heures.
</p>","<b>Ingrédients pour 4 personnes</b><br>
<p>- 250 g de mascarpone<br>
- 20 biscuits cuillères <br>
- 3 oeufs <br>
- 100 g de sucre <br>
- 20 cl de café fort <br>
- 2 c.à.s d'Amaretto <br>
- poudre de cacao </p>",20,facile,tiramisu.webp,tiramisu,"sucré, tiramisu, cacao, dessert"
Soupe de butternut au granola salé,"<p><b>Pour le granola</b><br>
<b>Etape 1</b><br>
Mélangez tous les ingrédients. <br>
<br>
<b>Etape 2</b><br>
Faites cuire 20 minutes à 160 °C dans une plaque allant au four. <br>
<br>
<b>Pour la soupe</b><br>
<b>Etape 1/b><br>
Lavez et pelez la courge, ôtez les pépins et coupez-la en cubes. <br>
<br>
<b>Etape 2</b><br>
Faites cuire dans une casserole la courge, avec le bouillon, le gingembre, le curcuma et l’eau pendant 20 à 25 min. <br>
<br>
<b>Etape 3</b><br>
Lorsque la courge est bien fondante, mixez en ajoutant si besoin de l’eau pour obtenir la texture désirée. <br>
<br>
<b>Etape 4</b><br>
Servez et accompagnez d’une cuillerée à soupe de granola salé par bol.
</p>","<b>Ingrédients pour 6 personnes</b><br>
<p>- 1 courge butternut (1,5 kg)<br>
- 1 c.à.s de bouillon en poudre <br>
- 1 cm de gingembre frais râpé <br>
- 1 c.à.c de curcuma en poudre <br>
- 20 cl d’eau <br>
<br>
<b>Pour le granola</b><br>
<p>- 100 g de flocons d’avoine<br>
3 cl d’huile d’olive <br>
1 c.à.s de tahin <br>
50 g de graines de courge <br>
50 g de noisettes concassées <br>
30 g de graines de sésame <br>
60 g de graines de tournesol <br>
½ c.à.c de sel <br>
1 c.à.s. de sirop d’agave <br>
1 c.à.c de thym <br>
1 c.à.s de levure maltée </p>",20,facile,soupe-butternut-granola.webp,soupe-butternut-granola,"légume, végétarien"
"Soupe-repas poulet, légumes, courge et coco","<p><b>Etape 1</b><br>
Dans une grande casserole, à feu moyen-vif, faire chauffer l’huile d’olive, puis faire revenir l’oignon, le gingembre, l’ail et la courge pendant 5 minutes. <br>
<br>
<b>Etape 2</b><br>
Ajouter le reste des ingrédients « pour le bouillon ». Porter à ébullition et laisser mijoter à feu doux pendant 15 minutes. <br>
<br>
<b>Etape 3</b><br>
Au pied-mélangeur, broyer le tout afin d’obtenir un bouillon lisse et onctueux. <br>
<br>
<b>Etape 4</b><br>
Dans une grande poêle antiadhésive, à feu vif, faire chauffer l’huile d’olive, puis faire revenir le poulet, le poivron et l’oignon pendant 8 minutes. Ajouter la courgette, assaisonner, puis poursuivre la cuisson pendant 1 minute. <br>
<br>
<b>Etape 5</b><br>
Ajouter la garniture de poulet et légumes dans le bouillon lorsqu’il est broyé, puis laisser mijoter pendant 5 minutes. <br>
<br>
<b>Etape 6</b><br>
Répartir les spaghettis cuits dans des bols, puis y verser la soupe bien chaude. Garnir de coriandre, d’oignons verts et de sambal oelek.
</p>","<b>Ingrédients pour 4 personnes</b><br>
<p>- 1 c.à.s d’huile d’olive<br>
- 1 oignon, émincé <br>
- 1 c. à soupe de gingembre, émincé <br>
- 1 gousse d’ail, émincée <br>
- 2 tasses de courge butternut, pelée et coupée en cubes de 2 cm <br>
- 1 c.à.s de pâte de tomates <br>
- 1 c.à.c de cumin moulu <br>
- 1 boîte de lait de coco <br>
- 4 tasses de bouillon de poulet <br>
- 1 zeste de lime et le jus <br>
- sel et poivre <br>
<br>
<b>Pour la garniture</b><br>
- 6 hauts de cuisse coupés en cubes de 1 cm <br>
- 2 c.à.s d’huile d’olive <br>
- 1 poivron rouge, coupé en petites lanières <br>
- 1 oignon, émincé <br>
- 1 courgette, coupée en cubes de 1 cm <br>
- 4 portions (environ 3 tasses) de spaghettis, cuits et coupés <br>
- 1/4 tasse de coriandre fraîche, hachée <br>
- 4 oignons verts, émincés <br>
- Sambal oelek, au goût <br>
- sel et poivre </p>",40,facile,soupe-repas-poule-legumes.webp,soupe-repas-poule-legumes,"poulet, volaille, viande, légume, coco"
Ris de veau à l'estragon,"<p><b>Etape 1</b><br>
Faites dégorger les ris dans de l'eau froide, pendant 6 heures, en changeant l'eau régulièrement. Dans la dernière eau, ajoutez du vinaigre. <br>
<br>
<b>Etape 2</b><br>
Egouttez les ris, placez-les dans une casserole avec de l'eau froide non salée. Portez à ébullition, laissez frémir 5 min. <br>
<br>
<b>Etape 3</b><br>
Egouttez et retirez les peaux et le gras. <br>
<br>
<b>Etape 4</b><br>
Cuisez les ris dans un court bouillon froid, à partir de l'ébullition; faites frémir 10 à 15 min, puis égouttez. <br>
<br>
<b>Etape 5</b><br>
Servez avec une purée maison. <br>
<br>
<b>Etape 6</b><br>
Préparez les champignons : coupez-les en lamelles, et faites les cuire dans une noix de beurre, salez, poivrez et citronnez pour les garder bien blancs. <br>
<br>
<b>Etape 7</b><br>
Escalopez les ris et passez-les dans la farine. <br>
<br>
<b>Etape 8</b><br>
Dans une poêle, faites fondre du beurre, rissolez-y les ris 2 min de chaque côté, salez et poivrez. Ajoutez les champignons, la moitié de l'estragon haché et la crème fraîche. <br>
<br>
<b>Etape 9</b><br>
Laissez réduire pour obtenir une sauce onctueuse. Rectifiez l'assaisonnement, terminez par le reste d'estragon frais <br>
<br>
<b>Etape 10</b><br>
Servez bien chaud.
</p>","<b>Ingrédients pour 4 personnes</b><br>
<p>- 800 g de ris de veau<br>
- 500 g de champignons de Paris <br>
- 200 ml de crème fraîche <br>
- 1 l de court bouillon <br>
- farine <br>
- beurre <br>
- 1 bouquet d'estragon <br>
- sel, poivre </p>",120,facile,ris-veau-estragon-champignon.webp,ris-veau-estragon-champignon,"abat, viande, veau"
Terrine de pâté de foie de volaille,"<p><b>Etape 1</b><br>
Faites dorer les foies de volailles dans une poêle jusqu’à ce qu’il soient dorés sur tous les côté et cuits à cœur. <br>
<br>
<b>Etape 2</b><br>
Versez dans le bol d'un petit robot mixeur, ajoutez le beurre coupé en petits dès, le porto, salez et poivrez. <br>
<br>
<b>Etape 3</b><br>
Mixez jusqu’à ce que le tout soit bien homogène. <br>
<br>
<b>Etape 4</b><br>
Versez dans une terrine, lissez le dessus de la préparation et placez au frais au moins une nuit. <br>
<br>
<b>Etape 5</b><br>
Servez sur des toasts en guise d’apéritif ou en entrée avec une salade verte. </p>","<b>Ingrédients pour 8 personnes</b><br>
<p>- 300 g de foies de volailles <br>
- 2 c.à.s de Porto <br>
- 120 g de beurre <br>
- 1/2 cuillère à café de sel <br>
- poivre 5 baies </p>",15,facile,terrine-pate-foie-volaille.webp,terrine-pate-foie-volaille,"volaille, abat, viande"
Tarte à la rhubarbe et crème d'amande,"<p><b>Etape 1</b><br>
Préchauffer le four à 200° et tapisser une plaque à cuisson de papier parchemin ou d’une feuille antiadhésive réutilisable. Réserver. <br>
<br>
<b>Etape 2</b><br>
Au robot culinaire, broyer tous les ingrédients « pour la crème d’amande à l’érable » jusqu’à l’obtention d’une texture lisse et réserver. <br>
<br>
<b>Etape 3</b><br>
Dans un bol, mélanger les morceaux de rhubarbe, le zeste d’orange et le sucre. Réserver. <br>
<br>
<b>Etape 4</b><br>
Déposer la pâte feuilletée sur la plaque, puis étaler la crème d’amande au centre, en laissant une bordure d’environ 2 po de chaque côté. <br>
<br>
<b>Etape 5</b><br>
Déposer le mélange de rhubarbe sur la crème. <br>
<br>
<b>Etape 6</b><br>
Refermer la tarte sur les côtés en repliant les bords vers le milieu de la tarte. <br>
<br>
<b>Etape 7</b><br>
Badigeonner le dessus et les côtés de la tarte de beurre, puis enfourner pendant 20 à 25 minutes, jusqu’à ce que la croûte soit dorée.
</p>","<b>Ingrédients pour 8 personnes</b><br>
<p>- 5 ou 6 tiges de rhubarbe, coupées en tronçons <br>
- le zeste de 1/2 orange <br>
- 2 c.à.s de sucre <br>
- 1 abaisse de pâte feuilletée <br>
- 2 c.à.s de beurre fondu <br>
<br>
<b>Pour la crème d'amande à l'érable</b><br>
- 1/4 tasse de beurre fondu <br>
- 1/2 tasse de farine d’amandes, ou d’amandes moulues très finement <br>
- 1/4 tasse de sucre d’érable ou de cassonade <br>
- 1 œuf <br>
- 1 pincée de sel <br>
- 1 c.à.c d’extrait de vanille ou d’extrait d’amande </p>",20,facile,tarte-rhubarbe.webp,tarte-rhubarbe,"sucré, amande"
Pizza au boeuf et mozzarella,"<p><b>Etape 1</b><br>
Préchauffer le four à 220°. <br>
<br>
<b>Etape 2</b><br>
Dans une poêle, faire chauffer l’huile d’olive, puis faire revenir les oignons et le sucre pendant 15 minutes en remuant à l’occasion afin d’obtenir une belle coloration. Assaisonner. <br>
<br>
<b>Etape 3</b><br>
Ajouter le bœuf haché et la poudre de chili, puis poursuivre la cuisson pendant 5 minutes. Assaisonner à nouveau. Ajouter les tomates et retirer du feu. Réserver <br>
<br>
<b>Etape 4</b><br>
Abaisser la pâte à pizza, puis garnir avec le mélange de bœuf. Ajouter le fromage, puis enfourner sur la grille du bas pendant 10 minutes. Terminer la cuisson sous le grill.
</p>","<b>Ingrédients pour 2 personnes</b><br>
<p>- 1 pâte à pizza, maison ou du commerce <br>
- 225 g de bœuf haché <br>
- 2 tomates fraîches, coupées en dés <br>
- 2 tasses de fromage mozzarella, râpé <br>
- 2 oignons, émincés <br>
- 1 c.à.s de sucre <br>
- 1 c.à.s de poudre de chili <br>
- 2 c.à.s d’huile d’olive <br>
- sel et poivre </p>",40,facile,pizza-boeuf-mozza.webp,pizza-boeuf-mozza,"fast-food, pizza"
"Pizza saucisse, bacon, chèvre et tomates séchées","<p><b>Etape 1</b><br>
Verser tous les ingrédients « pour la sauce » dans un bol, puis écraser avec un pilon à patates. Réserver. <br>
<br>
<b>Etape 2</b><br>
Dans une poêle, faire chauffer l’huile d’olive, puis faire revenir le bacon et les saucisses pendant 5 minutes. Incorporer l’oignon, puis poursuivre la cuisson pendant 1 minute. Ajouter les épinards et retirer du feu. Réserver. <br>
<br>
<b>Etape 3</b><br>
Préchauffer le four à 220°. Abaisser la pâte à pizza sur une plaque. <br>
<br>
<b>Etape 4</b><br>
Garnir la pâte avec la sauce, puis avec la garniture. Ajouter le fromage de chèvre et couvrir le tout de mozzarella. <br>
<br>
<b>Etape 5</b><br>
Enfourner la pizza pendant 12 minutes sur la grille du bas. Terminer la cuisson sous le gril (à broil) jusqu’à ce que le fromage soit bien doré.
</p>","<b>Ingrédients pour 2 personnes</b><br>
<p>- 1 pâte à pizza, maison ou du commerce <br>
- 2 c.à.s d’huile d’olive <br>
- 1 boîte de tomates entières, bien égouttées <br>
- 1 gousse d’ail, hachée <br>
- 1/4 de tasse de tomates séchées, hachées <br>
- 1/4 de tasse de basilic frais, haché <br>
- 1 c.à.c de sirop d’érable <br>
- sel et poivre <br>
<br>
<b>Pour la garniture/b><br>
<p>- 4 tranches de bacon, émincées <br>
- 2 saucisses italiennes, émincées <br>
- 1 oignon jaune, coupé en dés <br>
- 2 tasses de bébés épinards <br>
- 1/4 de tasse de fromage de chèvre <br>
- 2 tasses de fromage mozzarella, râpé <br>
- 1 c.à.c d’huile d’olive </p>",20,facile,pizza-saucisse-bacon-chevre.webp,pizza-saucisse-bacon-chevre,"fast-food, pizza"
Pizza baguette,"<p><b>Etape 1</b><br>
Préchauffer le four à 180° et tapisser une plaque à cuisson de papier parchemin ou d’une feuille antiadhésive réutilisable. Réserver. <br>
<br>
<b>Etape 2</b><br>
Dans un poêlon, faire chauffer l’huile d’olive à feu moyen-vif. Ajouter l’oignon et faire dorer pendant 5 minutes. Ajouter le poivron et continuer la cuisson pendant 3 minutes. Ajouter les champignons et continuer la cuisson pendant 5 minutes. Réserver. <br>
<br>
<b>Etape 3</b><br>
Trancher la baguette en trois tronçons, puis les couper en deux dans le sens de la longueur. <br>
<br>
<b>Etape 4</b><br>
Badigeonner les morceaux de pain avec la sauce à pizza. Ajouter les légumes et les tranches de pepperoni, puis saupoudrer de mozzarella. <br>
<br>
<b>Etape 5</b><br>
Enfourner pendant 10 minutes, ou jusqu’à ce que le fromage soit fondu. Garnir de basilic et d’origan et servir.
</p>","<b>Ingrédients pour 2 personnes</b><br>
<p>- 1 baguette <br>
- 1 pot de sauce à pizza du commerce <br>
- 1 tasse de tranches de pepperoni <br>
- 2 tasses de fromage mozzarella <br>
- 220 g de champignons, hachés <br>
- 1 poivron vert, coupé en lanières <br>
- 1 petit oignon, haché finement <br>
- 2 c.à.s d’huile d’olive <br>
- 1 c.à.s de basilic frais haché grossièrement, pour servir <br>
- 1 c.à.s d’origan frais haché grossièrement, pour servir </p>",35,facile,pizza-baguette.webp,pizza-baguette,"fast-food, pizza"
Rillettes de canard à l’orange,"<p><b>Etape 1</b><br>
Placez les cuisses dans un plat à gratin et faites-les cuire 10 min à 180°C pour les dégraisser. Réservez 1 cuillerée à soupe de graisse et émiettez la chair. <br>
<br>
<b>Etape 2</b><br>
Prélevez la moitié du zeste de l’orange et la totalité de son jus. Pelez et émincez finement l’oignon. Faites-le cuire quelques minutes dans 1 cuillère de graisse de canard. Puis ajoutez la viande, les jus et zeste d’orange, les épices et le cognac. Laissez cuire 5 min pour bien mélanger les saveurs. <br>
<br>
<b>Etape 3</b><br>
Versez le mélange dans le bol de votre robot. Ajoutez 1 cuillerée de graisse de canard et mixez légèrement pour avoir une préparation onctueuse. <br>
<br>
<b>Etape 4</b><br>
Remplissez des petits pots à confiture et conservez au frais.
</p>","<b>Ingrédients pour 6 personnes</b><br>
<p>- 2 cuisses de canard confites <br>
- 1 oignon <br>
- 1 orange <br>
- 1/2 c.à.c de coriandre <br>
- 1/2 c.à.c de gingembre <br>
- 1 c.à.s de cognac </p>",45,facile,rillettes-canard-orange.webp,rillettes-canard-orange,"pâté, charcuterie, viande"
Sabayon sur poires caramélisées,"<p><b>Etape 1</b><br>
Dans une grande poêle, chauffer le miel et le beurre à feu élevé jusqu’à ce que le mélange commence à dorer. <br>
<br>
<b>Etape 2</b><br>
Ajouter les poires et cuire pendant environ 4 minutes de chaque côté. Réduire le feu si les fruits cuisent trop vite. Cuire jusqu’à ce que les poires soient dorées. Réserver. <br>
<br>
<b>Etape 3</b><br>
Dans la partie supérieure d’un bain-marie, hors du feu, fouetter les jaunes d’oeufs, le sirop d’érable et le whisky. Déposer le bain-marie au-dessus de l’eau frémissante et fouetter sans arrêt de 8 à 10 minutes, jusqu’à l’obtention d’une sauce épaisse et onctueuse. <br>
<br>
<b>Etape 4</b><br>
Disposer les poires dans 6 verres à martini et napper de sabayon. Servir sans attendre.
</p>","<b>Ingrédients pour 6 personnes</b><br>
<p>- 6 poires, pelées, épépinées et coupées en six <br>
- 3 c.à.s de miel <br>
- 2 c.à.s de beurre <br>
- 6 jaunes d’oeufs <br>
- 125 ml de sirop d’érable <br>
- 60 ml de whisky </p>",30,facile,sabayon-poires.webp,sabayon-poires,"sucré, fruit, dessert"
Vol-au-vent,"<p><b>Etape 1</b><br>
La veille, faites cuire votre poulet dans un bouillon avec les carottes, le poireau, la branche de céleri, un oignon et une gousse d’ail. <br>
<br>
<b>Etape 2</b><br>
Découpez vos pâtes feuilletées et faites-les dorer environ 10 minutes dans un four chaud. <br>
<br>
<b>Etape 3</b><br>
Nettoyez et coupez les champignons. Faites-les cuire avec un peu de beurre. Salez et poivrez. <br>
<br>
<b>Etape 4</b><br>
Détaillez la chair du poulet (ou de la poule) en gros dés et mettez-les avec les champignons. <br>
<br>
<b>Etape 5</b><br>
Dans un poêlon, faites fondre 50 gr de beurre, ajoutez 50 gr de farine, mélangez et mouillez avec un demi-litre de bouillon de volaille, très chaud. Faites épaissir en mélangeant à l’aide du fouet et retirez du feu. Incorporez à la sauce le jus d’un citron et le jaune d’œuf. Salez, poivrez, ajoutez une mini pointe de muscade et assurez-vous du bon goût. <br>
<br>
<b>Etape 6</b><br>
Ajoutez la volaille et les champignons à la préparation. <br>
<br>
<b>Etape 7</b><br>
Déposez un morceau de pâte feuilletée, emplissez de votre préparation et terminez par un autre morceau de pâte feuilletée.
</p>","<b>Ingrédients pour 4 personnes</b><br>
<p>- 1 poule à cuire (à défaut un poulet)<br>
- 1 poule à cuire (à défaut un poulet) <br>
- 4 carottes <br>
- 1 poireau <br>
- 1/2 branche de céleri <br>
- 1 oignon jaune <br>
- 1 gousse d’ail <br>
- 200 g de champignons <br>
- 50 g de beurre <br>
- 50 g de farine <br>
- le jus d’un citron <br>
- 1 jaune d’œuf <br>
- 50 cl de bouillon de volaille bien chaud <br>
- 1 rouleau de pâte feuilletée <br>
- sel, muscade et poivre </p>",40,moyen,vol-au-vent.webp,vol-au-vent,"volaille, plat mijoté"
Sole meunière,"<p><b>Etape 1</b><br>
Enlever la peau brune des soles. <br>
<br>
<b>Etape 2</b><br>
Dans un plat, fariner la sole, salée et poivrée, des deux côtés. <br>
<br>
<b>Etape 3</b><br>
Dans une poèle ovale si possible pour la forme du poisson, mettre l'huile à chauffer, vérifier la chaleur en posant la queue du poisson uniquement et commencer la cuisson. <br>
<br>
<b>Etape 4</b><br>
Quand la face est dorée, régler la force du gaz et retourner la sole. <br>
<br>
<b>Etape 5</b><br>
Réserver la sole et dégraisser, replacer sur le gaz et ajouter le beurre, ajouter la sole et conduire la cuisson pour avoir le beurre noisette et non brûlé. <br>
<br>
<b>Etape 6</b><br>
Déglacer avec le jus du citron, le beurre forme alors de grosses bulles c'est cela la bonne meunière. Dresser aussitôt et servir. <br>
<br>
<b>Etape 7</b><br>
A accompagner avec des tagliatelles ou des pommes vapeurs.
</p>","<b>Ingrédients pour 2 personnes</b><br>
<p>- 2 soles<br>
- 1/2 citron <br>
- 25 g de farine <br>
- 25g de beurre <br>
- 1 c.à.s d'huile <br>
- sel et poivre </p>",20,moyen,sole-meuniere.webp,sole-meuniere,"poisson, poisson blanc"
Cookies tout chocolat,"<p><b>Etape 1</b><br>
Préchauffez votre four à 160°C. <br>
<br>
<b>Etape 2</b><br>
Faites fondre le chocolat noir au bain-marie avec le beurre. Mélangez bien. <br>
<br>
<b>Etape 3</b><br>
Ajoutez ensuite le sucre, puis les œufs un part un et le sucre vanillé. Mélangez bien pour obtenir une pâte lisse. <br>
<br>
<b>Etape 4</b><br>
Ajoutez ensuite progressivement la farine mélangée à la levure et le cacao en poudre. Ajoutez enfin les pépites de chocolat. <br>
<br>
<b>Etape 5</b><br>
Placez la pâte 10 minutes au réfrigérateur pour qu’elle raffermisse. <br>
<br>
<b>Etape 6</b><br>
Recouvrez la plaque de votre four avec du papier cuisson puis répartissez dessus 10 cuillères de pâte en quinconce. <br>
<br>
<b>Etape 7</b><br>
Enfournez pendant 12 à 14 minutes. <br>
<br>
<b>Etape 8</b><br>
Laissez ensuite refroidir 5 minutes sur la plaque, puis sur une grille. <br>
<br>
<b>Astuce</b><br>
N'hésitez pas à utiliser du beurre salé et de rajouter une petite pincée de sel pour le rendre encore plus délicieux ! </p>","<b>Ingrédients pour 10 cookies</b><br>
<p>- 200 g de chocolat noir<br>
- 80 g de pépites chocolat noir <br>
- 2 œufs <br>
- 1 sachet de sucre vanillé <br>
- 110 g sucre brun / cassonade <br>
- 100 g de farine <br>
- 55 g de beurre <br>
- 1 c.à.c de cacao <br>
- 1/4 c.à.c de levure chimique </p>",30,facile,cookies-tout-chocolat.webp,cookies-tout-chocolat,"sucré, chocolat, dessert"
Brioche Babka au chocolat,"<p><b>Etape 1</b><br>
Dans le bol de votre robot pâtissier, versez la farine, le sel, le sucre, la levure émiettée, le lait et les œufs à température ambiante.
Mélangez pendant 5 minutes à petite vitesse (1 sur un KitchenAid) pour homogénéiser la pâte.
Ajoutez ensuite progressivement le beurre mou en petits dés et pétrissez pendant 15 à 20 minutes jusqu'à ce que la pâte soit lisse et élastique. <br>
<br>
<b>Etape 2</b><br>
Laissez ensuite reposer la pâte à température ambiante (environ 24°C), couverte d'un torchon propre et sec pendant 1 heure environ. Elle doit au moins doubler de volume.
Dégazez ensuite la pâte délicatement en en chassant l'air.
Filmez ensuite votre bol avec la pâte dedans et réservez une nuit au frais. <br>
<br>
<b>Etape 3</b><br>
Le lendemain, votre pâte doit avoir doublé, voire triplé de volume.
Farinez votre plan de travail et étalez-là en un rectangle de 30 x 40 centimètres de large environ (la longueur d'un plat à cake).
Étalez ensuite la pâte à tartiner au chocolat sur la surface supérieure de votre rectangle de pâte.
Coupez le chocolat noir en petits morceaux et répartissez sur la pâte à tartiner. <br>
<br>
<b>Etape 4</b><br>
Roulez la pâte sur elle-même et formez un cylindre bien serré. Sa longueur doit équivaloir à longueur de celle de votre plat à cake. <br>
<br>
<b>Etape 5</b><br>
Coupez le cylindre de pâte en 2 dans le sens de la longueur et tressez ensuite les 2 parties. <br>
<br>
<b>Etape 6</b><br>
Chemisez votre plat à cake avec un papier cuisson et déposez-y votre pâte tressée.
Laissez reposer encore une heure à température ambiante (ou près d'un radiateur) sous un torchon sec et propre <br>
<br>
<b>Etape 7</b><br>
Préchauffez votre four à 170°C. <br>
<br>
<b>Etape 8</b><br>
Badigeonnez votre babka avec le mélange de jaune d'oeuf et de lait, à l'aide d'un pinceau de cuisine. <br>
<br>
<b>Etape 9</b><br>
Enfournez pendant environ 45 minutes à chaleur tournante et vérifiez la cuisson à l'aide d'un couteau de cuisine en le piquant dans la brioche. Il doit ressortir sans pâte à brioche dessus. <br>
<br>
<b>Etape 10</b><br>
A la fin de la cuisson, sortez votre brioche du plat à cake et laissez refroidir.
</p>","<b>Ingrédients pour 6 personnes</b><br>
<p>- 450 g de farine<br>
3 oeufs (à température ambiante) <br>
- 90 g de lait entier (à température ambiante) <br>
- 1 sachet de 8 g de levure déshydratée <br>
- 80 g de sucre en poudre <br>
- 7 g de sel <br>
- 80 g de beurre mou (à température ambiante) <br>
<br>
<b>Pour la garniture</b><br>
<p>- 40 g de chocolat noir <br>
- 120 g de pâte à tartiner maison <br>
<br>
<b>Pour la dorure</b><br>
<p>- 1 jaune d'oeuf <br>
- 2 cuillères à soupe de lait </p>",75,difficile,brioche-babka-chocolat.webp,cookies-tout-chocolat,"sucré, chocolat, dessert"
"Salade de concombre, pois-chiche et feta","<p><b>Etape 1</b><br>
Lavez le concombre et coupez des rondelles à la mandoline. Versez dans un saladier. <br>
<br>
<b>Etape 2</b><br>
Ajoutez les pois-chiches rincés et égouttez. <br>
<br>
<b>Etape 3</b><br>
Émincez les oignons rouges et émiettez la feta. Ciselez les herbes et déposez dans le saladier. <br>
<br>
<b>Etape 4</b><br>
Pour la vinaigrette, placez l’ensemble des ingrédients dans un petit pot, ferme-le et mélangez. <br>
<br>
<b>Etape 5</b><br>
Versez sur la salade et remuez délicatement.
</p>","<b>Ingrédients pour 4 personnes</b><br>
<p>- 1 concombre <br>
- 400 ml de pois-chiches en conserve<br>
- 1/4 d’oignon rouge<br>
- 100 g de feta<br>
- menthe et ciboulette<br>
<br>
<b>Pour la vinaigrette</b><br>
<p>- 1 c.à.c bombée de moutarde au miel <br>
- 1 c.à.cde vinaigre de cidre <br>
- 2 c.à.c de jus de citron <br>
- 3 c.à.s d’huile d’olive <br>
- 1 c.à.s d’huile infusée à l’ail<br>
- sel et poivre</p>",15,facile,salade-concombre-pois-chiche-feta.webp,salade-concombre-pois-chiche-feta,"salade, crudité, légume, fromage frais"
Pavlova au fruit de la passion,"<p><b>Etape 1</b><br>
Préchauffez le four à 120°C. <br>
<br>
<b>Etape 2</b><br>
Dans un bol, fouettez les blancs d'oeufs en neige ferme à l'aide d'un batteur électrique. <br>
<br>
<b>Etape 3</b><br>
Ajoutez la maïzena et 4 cuillères à soupe de sucre en poudre. Battez à nouveau. <br>
<br>
<b>Etape 4</b><br>
Sur une plaque de four recouverte de papier cuisson, dessinez avec une poche à douille des tourbillons de meringue.
<br>
<br>
<b>Etape 5</b><br>
Enfournez pendant 1h30 puis laissez refroidir 30 minutes dans le four éteint. <br>
<br>
<b>Etape 6</b><br>
Pendant ce temps, coupez les fruits de la passion en deux et grattez pour prélever la pulpe. <br>
<br>
<b>Etape 7</b><br>
Placez cette pulpe dans une petite casserole avec 2 cuillères à soupe d’eau et 2 cuillerées de sucre en poudre. Laissez mijoter 5 minutes à feu doux/moyen puis laissez refroidir. <br>
<br>
<b>Etape 8</b><br>
Montez la crème liquide en chantilly bien ferme à l'aide d'un batteur électrique. </p>","<b>Ingrédients pour 4 personnes</b><br>
<p>- 2 fruits de la passion <br>
- 4 blancs d'œufs <br>
- 6 c.à.s de sucre en poudre <br>
- 2 c.à.c de maïzena <br>
- 25 cl de crème liquide froide </p>",90,moyen,pavlova-passion.webp,pavlova-passion,"sucré, dessert, passion"
"Carpaccio d'ananas, fruits de la passion et glace coco","<p><b>Etape 1</b><br>
Réalisez la glace : mêlez le lait de coco, le lait entier et le sirop de sucre de canne. Versez en sorbetiére et turbinez. Quand la préparation est presque prise, ajoutez le rhum et mettez au congélateur. <br>
<br>
<b>Etape 2</b><br>
Coupez les plumets et la base des ananas. Réservez les feuilles claires du centre pour la décoration. Pelez-les en retirant d'un coup l'écorce et les parties brunes incrustées dans la chair. Coupez les ananas en tranches trés fines, étalez-les sur un grand plat. Mélangez le sirop de canne, le jus de citron vert filtré et le rhum blanc. Arrosez les tranches d'ananas avec ce sirop. Recouvrez de film étirable et mettez 1 heure au réfrigérateur. <br>
<br>
<b>Etape 3</b><br>
Sortez la glace à la température ambiante 10 min avant de servir. Faites légérement griller la noix de coco râpée à la poêle, étalez-la dans une assiette. Façonnez six boules de sorbet coco et roulez-les dans la noix de coco grillée. Egouttez, étalez les tranches d'ananas sur six assiettes et arrosez-les avec un peu de jus de macération. Déposez une boule de glace coco au centre. <br>
<br>
<b>Etape 4</b><br>
Ouvrez les fruits de la passion. Eparpillez les pépins et versez le jus d'ananas. Décorez des feuilles d'ananas réservées. Présentez sans attendre avec des macarons ou des rochers à la noix de coco.
</p>","<b>Ingrédients pour 6 personnes</b><br>
<p>- 2 ananas victoria <br>
- 2 fruits de la passion <br>
- 60 g de noix de coco <br>
- 10 cl de sirop de sucre de canne <br>
- 1 c.à.s de jus de citron vert <br>
- 1 c.à.s de rhum blanc <br>
<br>
<b>Pour la glace</b><br>
<p>- 40 cl de lait de coco non sucré <br>
- 10 cl de lait entier <br>
- 5 c.à.s de sirop de sucre de canne <br>
- 1 c.à.c de rhum blanc </p>",30,facile,carpaccio-ananas-passion-coco.webp,carpaccio-ananas-passion-coco,"noix de coco, passion, fruit, dessert"
Rochers coco,"<p><b>Etape 1</b><br>
Monter les blancs d'oeufs en neige et y mettre une pincée de sel. <br>
<br>
<b>Etape 2</b><br>
Ajouter délicatement le sucre et la noix de coco mélangés. <br>
<br>
<b>Etape 3</b><br>
Former de petites pyramides et les placer sur une feuille de papier sulfurisé en prenant soin de suffisament les espacer. <br>
<br>
<b>Etape 4</b><br>
Cuire au four 15 à 30 min à 180°C en surveillant régulièrement.<br>
<br>
<b>Etape 5</b><br>
Ne pas attendre que les rochers refroidissent pour les décoller.
</p>","<b>Ingrédients pour 10 rochers</b><br>
<p>- 125 g de noix de coco rapée<br>
- 100 g sucre semoule <br>
- 2 blancs d'oeuf </p>",40,facile,rochers-coco.webp,rochers-coco,"sucré, dessert, noix de coco, fruit"
Yaourt glacé aux fruits rouges,"<p><b>Etape 1</b><br>
Versez l’ensemble des ingrédients dans le hachoir / mixeur de votre robot ménager. <br>
<br>
<b>Etape 2</b><br>
Mixez à grande vitesse jusqu’à ce que le tout soit homogène. <br>
<br>
<b>Etape 3</b><br>
Vous pouvez servir immédiatement si la texture n’est pas trop liquide, sinon, placez 2 heures au congélateur dans un bas à glace propre. <br>
<br>
<b>Etape 4</b><br>
Vous pouvez également congeler en portions individuelles. <br>
<br>
<b>Etape 5</b><br>
Dans le cas où vous souhaitez préparer ce dessert en avance, sortez le yaourt glacé 1/2 heure avant de servir, réservez-le au réfrigérateur et mélangez au moment de servie.
</p>","<b>Ingrédients pour 2 personnes/b><br>
<p>- 1 yaourt à la grecque 120 g<br>
- 1 bol de fruits rouges (un mélange) <br>
- 2 c.à.s de sucre en poudre </p>",10,facile,yaourt-glace-fruits-rouges.webp,yaourt-glace-fruits-rouges,"sucré, dessert, fruit rouge, fruit"
Galette des rois,"<p><b>Etape 1</b><br>
Versez l’ensemble des ingrédients dans le hachoir / mixeur de votre robot ménager. <br>
<br>
<b>Etape 2</b><br>
Mixez à grande vitesse jusqu’à ce que le tout soit homogène. <br>
<br>
<b>Etape 3</b><br>
Vous pouvez servir immédiatement si la texture n’est pas trop liquide, sinon, placez 2 heures au congélateur dans un bas à glace propre. <br>
<br>
<b>Etape 4</b><br>
Vous pouvez également congeler en portions individuelles. <br>
<br>
<b>Etape 5</b><br>
Dans le cas où vous souhaitez préparer ce dessert en avance, sortez le yaourt glacé 1/2 heure avant de servir, réservez-le au réfrigérateur et mélangez au moment de servie.
</p>","<b>Ingrédients pour 8 personnes/b><br>
<p>- 2 pâte feuilletée<br>
- 125 g de poudre d'amande <br>
- 3 oeufs <br>
- 100 g de beurre <br>
- 100 g de sucre <br>
- 1 poignée d'amande </p>",45,moyen,galette-rois.webp,galette-rois,"dessert, sucré, amande"
Ceviche de bar au lait de coco,"<p><b>Etape 1</b><br>
Commencez cette recette de ceviche de bar au lait de coco en rinçant, essuyant et coupant le poisson en dés. Pelez et râpez le gingembre. Pressez le jus des citrons. Mettez le tout dans un saladier. Arrosez de lait de coco, salez, poivrez, saupoudrez de quelques pincées de piment. Mélangez et laissez mariner 30 min au frais. <br>
<br>
<b>Etape 2</b><br>
Lavez et coupez les tomates cerise en deux. Pelez et émincez l’oignon. Lavez, séchez, effeuillez et hachez la coriandre. <br>
<br>
<b>Etape 3</b><br>
Ajoutez les oignons et les tomates dans le plat contenant le poisson. Mélangez. Parsemez le dessus de coriandre, donnez quelques tours de moulin à poivre et dégustez. </p>","<b>Ingrédients pour 6 personnes/b><br>
<p>- 850 g de filet de bar<br>
- 20 cl de lait de coco <br>
- 1 oignon rouge <br>
- 200 g de tomates cerises jaunes <br>
- 2 citrons vert <br>
- 2 cm de gingembre frais <br>
- quelques brins coriandre <br>
- piment d'Espelette <br>
- sel et poivre </p>",30,facile,ceviche-bar-lait-coco.webp,ceviche-bar-lait-coco,"poisson, ceviche, coco"
Paëlla,"<p><b>Etape 1</b><br>
Tranchez le chorizo. Pelez l’oignon et hachez-le. Pelez, dégermez et hachez l’ail. Hachez les feuilles et les queues de persil. Faites chauffer le bouillon de volaille avec le safran. <br>
<br>
<b>Etape 2</b><br>
Faites revenir le chorizo 2 mn à l’huile dans un plat à paella. Ajoutez l’oignon, l’ail, les feuilles et les queues de persil. Ajoutez le paprika, le riz et 3/4 du bouillon de volaille, poursuivez la cuisson 20 mn environ. Ajoutez les petits pois, les moules et les crevettes. Couvrez et poursuivez la cuisson 10 mn. <br>
<br>
<b>Etape 3</b><br>
Servez avec un filet de jus de citron.
</p>","<b>Ingrédients pour 6 personnes/b><br>
<p>- 500 g de moules de Méditerranée <br>
- 12 grosses crevettes crues <br>
- 500 g de riz pour paella <br>
- 150 g de chorizo <br>
- 1 oignon <br>
- 4 gousses d’ail <br>
- 6 brins de persil <br>
- 2 l de bouillon de volaille <br>
- 2 pincées de safran <br>
- 1 cuillère à soupe bombée de paprika fumé <br>
- 100 g de petits pois frais ou surgelés <br>
- 1 ou 2 citrons <br>
- huile d’olive </p>",60,moyen,paella.webp,paella,crustacé
Spaghetti e vongole,"<p><b>Etape 1</b><br>
Rincez les palourdes plusieurs fois sous l’eau froide, sans les laisser tremper. <br>
<br>
<b>Etape 2</b><br>
Dans une poêle, faites revenir l’ail pelé sans le colorer et les tomates-cerises dans 5 c. à soupe d’huile. Ajoutez les palourdes dans la poêle, couvrez et laissez cuire à feu moyen 3 à 5 mn.
Attention, jetez les palourdes qui sont encore fermées. <br>
<br>
<b>Etape 3</b><br>
Pendant ce temps, lavez et hachez le persil. Faites cuire les spaghetti dans une grande quantité d’eau salée, égouttez-les 2 mn avant la fin du temps de cuisson conseillé sur l’emballage, ils doivent être al dente. Réservez l’eau de cuisson et terminez la cuisson des pâtes dans la poêle avec les palourdes en ajoutant 1 ou 2 louches d’eau de cuisson en remuant, à feu moyen, environ 2 à 3 mn. Les pâtes vont s’en imprégner, la sauce sera plus crémeuse. Une fois les pâtes cuites, ajoutez les palourdes, parsemez de persil et arrosez d’huile d’olive. </p>","<b>Ingrédients pour 4 personnes/b><br>
<p>- 1 kg de palourdes veraci <br>
- 3 gousses d'ail <br>
- huile d'olive extra-vierge <br>
- 1 botte de persil <br>
- 300 g de spaghetti <br>
- 8 tomates-cerises </p>",40,moyen,spaghetti-vongole.webp,spaghetti-vongole,crustacé
Camembert au BBQ,"<p><b>Etape 1</b><br>
Emballer le camembert et son emballage en bois dans du papier sulfurisé ou une feuille de papier aluminium et déposer le camembert sur la grille du barbecue, au-dessus des braises. <br>
<br>
<b>Etape 2</b><br>
Laisser cuire environ 10 minutes. Entre-temps, éplucher l’ail et la couper en deux. Frotter la partie coupée sur les tranches de pain et faire dorer celle-ci sur la grille. <br>
<br>
<b>Etape 3</b><br>
Une fois le camembert cuit, retirer le papier de cuisson et ouvrir le couvercle en bois. Le camembert doit être coulant. <br>
<br>
<b>Etape 4</b><br>
Déguster le camembert au barbecue en trempant les tranches de pain grillées dans celui-ci. Bon appétit ! <br>
<br>
<b>Astuces</b><br>
Agrémenter le camembert avec des oignons, un tour de moulin à poivre, du jambon cru. Servir à l’apéritif ! </p>","<b>Ingrédients pour 4 personnes/b><br>
<p>- 1 camembert à point vendu dans une boîte en bois <br>
- 1 gousse d’ail (facultatif) <br>
- des tranches de pain de campagne </p>",10,facile,camembert-barbecue.webp,camembert-barbecue,"fromage, fromage à pâte molle, barbecue"
Brochettes de saumon au BBQ,"<p><b>Etape 1</b><br>
Couper le saumon en cubes de taille régulière. <br>
<br>
<b>Etape 2</b><br>
Dans un récipient, mélanger l’origan, les graines de sésame, le cumin et quelques flocons de piment de Cayenne. <br>
<br>
<b>Etape 3</b><br>
Sur chaque pic à brochette, intercaler 8 morceaux de saumon entre des rondelles de citron. <br>
<br>
<b>Etape 4</b><br>
Badigeonner brièvement les brochettes de saumon d’huile d’olive puis assaisonner de sel, poivre et mélange d’épices. <br>
<br>
<b>Etape 5</b><br>
Faire griller les brochettes au barbecue jusqu’à ce que la chair du poisson soit bien rosée.
</p>","<b>Ingrédients pour 8 personnes/b><br>
<p>- 450 g de saumon sauvage sans la peau <br>
- 2 c.à.s d’origan frais <br>
- 1 c.à.c de cumin <br>
- 2 c.à.c de graines de sésame <br>
- flocons de piment de Cayenne <br>
- 2 citrons non traités <br>
- huile d’olive <br>
- sel & poivre </p>",20,facile,brochettes-saumon.webp,brochettes-saumon,"poisson, poisson gras, barbecue, grillade"
"Tacos chou-fleur roti, salsa de tomates et radis","<p><b>Etape 1</b><br>
Préchauffer le four à 200° et placer la grille au centre. <br>
<br>
<b>Etape 2</b><br>
Dans un grand bol, déposer les fleurons de chou-fleur, l’huile d’olive, le paprika, la poudre de chili et le sel. Bien mélanger afin d’enrober le chou-fleur d’huile et d’épices. Étaler le chou-fleur sur une plaque à cuisson en prenant soin, autant que possible, d’espacer les fleurons. Enfourner25 à 30 minutes, ou jusqu’à ce que le chou-fleur soit bien rôti et coloré. <br>
<br>
<b>Etape 3</b><br>
Pendant ce temps, déposer tous les ingrédients pour la salsa de tomates & de radis dans un bol de taille moyenne, puis bien mélanger. <br>
<br>
<b>Etape 4</b><br>
Garnir les tortillas de chou-fleur rôti, de la salsa préparée et des condiments choisis, puis déguster. </p>","<b>Ingrédients pour 4 personnes/b><br>
<p>- 1 chou-fleur, coupé en petits fleurons <br>
8 tortillas à tacos <br>
condiments au choix, pour garnir <br>
1 filet d’huile d’olive <br>
1 c.à.c de paprika <br>
1 c.à.c de poudre de chili <br>
sel <br>
<br>
<b>Pour la salsa/b><br>
<p>- 2 tomates, coupées en dés <br>
4 radis, coupés en petits dés <br>
1/4 tasse d’oignon blanc, haché finement <br>
1 piment jalapeno, épépiné et haché finement <br>
1/2 tasse de coriandre, hachée <br>
1 c.à.s de vinaigre blanc <br>
sel </p>",35,facile,tacos-chou-fleur.webp,tacos-chou-fleur,"légume, végétarien"